title,group,work,note
[Burns],Burns,(unspecified),
[Hood],Hood,(unspecified),
[Macbeth],Shakespeare,Macbeth,
[Pilgrim’s Progress 2],Bunyan,"Pilgrim’s Progress, Part 2",
[Uncertain],Unknown,(unknown),"the published PDF prints the title as a bare ""s"""
A Midsummer Night’s Dream,Shakespeare,A Midsummer Night’s Dream,
As You Like It,Shakespeare,As You Like It,
Browning,Browning,(unspecified),
Burns,Burns,(unspecified),
Burns Society Dinner,Occasional addresses,Burns Society dinner,
Byron,Byron,(unspecified),
"Cinderella, Beauty and the Beast",Family entertainments,Cinderella,
"Cinderella, Beauty and the Beast",Family entertainments,Beauty and the Beast,
Coleridge,Coleridge,(unspecified),
Coleridge’s Rime of the Ancient Mariner,Coleridge,The Rime of the Ancient Mariner,
Contemporary Authors,Survey lectures,Contemporary poets,
Contemporary Poets,Survey lectures,Contemporary poets,
Dante,Dante,(unspecified),
Drama before Shakespeare,Survey lectures,Sixteenth-century drama,"filed under survey lectures, not Shakespeare — it is about what came before him"
Elizabeth Barrett Browning,E. B. Browning,(unspecified),
Elizabethan Literature,Survey lectures,Elizabethan literature,
Elizabethan Poets [Edmund Spenser],Spenser,(unspecified),
English Literature,Survey lectures,English literature,
English Literature and Language,Survey lectures,English literature,
"English Literature, Physical Science, Natural Philosophy, Mathematics",Survey lectures,English literature,
"English Literature, Physical Science, Natural Philosophy, Mathematics",Science & mathematics,Physical science,
"English Literature, Physical Science, Natural Philosophy, Mathematics",Science & mathematics,Natural philosophy,
"English Literature, Physical Science, Natural Philosophy, Mathematics",Science & mathematics,Mathematics,
Geoffrey Chaucer,Chaucer,(unspecified),
Hamlet,Shakespeare,Hamlet,
Hamlet and Brutus,Shakespeare,Hamlet,
Hamlet and Brutus,Shakespeare,Julius Caesar,
Henry the Fourth,Shakespeare,Henry IV,
Hood,Hood,(unspecified),
Illustrated Proverbs,Family entertainments,Illustrated Proverbs,
Imagination,Survey lectures,Imagination,
Inaugural Address,Occasional addresses,Inaugural address,
Individual Development,Survey lectures,Individual development,
John Donne,Donne,(unspecified),
John Keats,Keats,(unspecified),
Julius Caesar,Shakespeare,Julius Caesar,
Keats,Keats,(unspecified),
King Henry IV,Shakespeare,Henry IV,
King Lear,Shakespeare,King Lear,
Lake Poets,Survey lectures,The Lake poets,
Lord Byron,Byron,(unspecified),
Luke 12,Scripture,Luke 12,
Macbeth,Shakespeare,Macbeth,
Merchant of Venice,Shakespeare,The Merchant of Venice,
Midsummer Night’s Dream,Shakespeare,A Midsummer Night’s Dream,
Milton,Milton,(unspecified),
Much Ado About Nothing,Shakespeare,Much Ado About Nothing,
Natural Philosophy,Science & mathematics,Natural philosophy,
Natural Philosophy and Mathematics,Science & mathematics,Natural philosophy,
Natural Philosophy and Mathematics,Science & mathematics,Mathematics,
On Justice,Scripture,On Justice,
Opening Academic Address,Occasional addresses,Opening academic address,
Othello,Shakespeare,Othello,
Percy Bysshe Shelley,Shelley,(unspecified),
Pilgrim’s Progress,Bunyan,(unspecified),the article does not say which part
Pilgrim’s Progress 1,Bunyan,"Pilgrim’s Progress, Part 1",
Pilgrim’s Progress 1 and 2,Bunyan,"Pilgrim’s Progress, Part 1",
Pilgrim’s Progress 1 and 2,Bunyan,"Pilgrim’s Progress, Part 2",
Pilgrim’s Progress 2,Bunyan,"Pilgrim’s Progress, Part 2",
Pilgrim’s Progress [2],Bunyan,"Pilgrim’s Progress, Part 2",
Polyeuctus,Corneille,Polyeuctus,Louisa MacDonald’s adaptation of Corneille
Polyeuctus and Macbeth,Corneille,Polyeuctus,
Polyeuctus and Macbeth,Shakespeare,Macbeth,
Rape of Lucrece,Shakespeare,The Rape of Lucrece,
Rime of the Ancient Mariner,Coleridge,The Rime of the Ancient Mariner,
Robert Burns and Thomas Hood,Burns,(unspecified),
Robert Burns and Thomas Hood,Hood,(unspecified),
Romeo and Juliet,Shakespeare,Romeo and Juliet,
Samuel Taylor Coleridge,Coleridge,(unspecified),
Scott,Scott,(unspecified),
Scott and Byron,Scott,(unspecified),
Scott and Byron,Byron,(unspecified),
Shakespeare,Shakespeare,(unspecified),the article names no play
Shakespeare’s Plays,Shakespeare,(unspecified),the article names no play
Shakespeare’s Sonnet 110,Shakespeare,Sonnet 110,
Shelley,Shelley,(unspecified),
Shelley and Cymbeline,Shelley,(unspecified),
Shelley and Cymbeline,Shakespeare,Cymbeline,
Shelley and Keats,Shelley,(unspecified),
Shelley and Keats,Keats,(unspecified),
Sidney,Sidney,(unspecified),
Sir Philip Sidney,Sidney,(unspecified),
Sir Walter Scott,Scott,(unspecified),
Sixteenth-Century Drama,Survey lectures,Sixteenth-century drama,
Sixteenth-Century Poetry,Survey lectures,Sixteenth-century poetry,
Spenser,Spenser,(unspecified),
Tableaux Vivante,Family entertainments,Tableaux Vivants,
Tennyson,Tennyson,(unspecified),
Tennyson’s “In Memoriam”,Tennyson,In Memoriam,
The Tempest,Shakespeare,The Tempest,
The Tetterby’s,Dickens,The Tetterbys,
The Tetterby’s and Obstinacy,Dickens,The Tetterbys,the Tetterbys are from Dickens’s The Haunted Man
The Tetterby’s and Obstinacy,Family entertainments,Obstinacy,the Tetterbys are from Dickens’s The Haunted Man
Timon of Athens,Shakespeare,Timon of Athens,
Twelfth Night,Shakespeare,Twelfth Night,
unknown,Unknown,(unknown),
William Wordsworth,Wordsworth,(unspecified),
Wordsworth,Wordsworth,(unspecified),
Wordsworth and Coleridge,Wordsworth,(unspecified),
Wordsworth and Coleridge,Coleridge,(unspecified),
Works of Spenser,Spenser,(unspecified),
Zaccheus,Scripture,Zacchaeus (Luke 19),
,Unknown,(unknown),
